{
  "onnx_path": "/home/btanady/fourth_year/cpen491/experiment/weights/end_to_end_fault_cnn1d_hybrid_calaug.onnx",
  "input_shape": [
    1,
    3,
    1000
  ],
  "architecture": "hybrid_timefreq",
  "embedder": {
    "name": "raw1dcnn",
    "kwargs": {
      "target_len": 1000,
      "mean": [
        0.019735034555196762,
        -0.06411697715520859,
        0.0
      ],
      "std": [
        4.0488457679748535,
        4.735072612762451,
        9.999999974752427e-07
      ]
    }
  },
  "preprocessor": {
    "name": "calibration_z",
    "kwargs": {
      "axis_mean": [
        46.39622116088867,
        -404.52569580078125,
        511.0
      ],
      "axis_std": [
        4.161198139190674,
        4.457979679107666,
        9.99999993922529e-09
      ]
    }
  },
  "labels": {
    "0": 1,
    "1": 2
  },
  "postprocess": {
    "normal_label": 0,
    "unknown_label": 3,
    "fault_confidence_threshold": 0.9914000034332275,
    "fault_support_threshold": 5.5917,
    "fault_support_metric": "diag_mahalanobis",
    "fault_support_feature_dim": 128,
    "per_class_fault_confidence_thresholds": {
      "1": 0.9914000034332275,
      "2": 0.9914000034332275
    },
    "per_class_fault_support_thresholds": {
      "1": 9.208642959594727,
      "2": 52.10778045654297
    },
    "fault_support_stats": {
      "1": {
        "mean": [
          2.240084409713745,
          1.462756633758545,
          -0.14358212053775787,
          0.41557422280311584,
          0.012519833631813526,
          0.8548792600631714,
          -0.15779703855514526,
          -0.1691913902759552,
          1.5883148908615112,
          0.9648365378379822,
          0.009048779495060444,
          1.7061189413070679,
          0.4180414080619812,
          -0.16670817136764526,
          -0.13208577036857605,
          -0.1093863844871521,
          -0.16109831631183624,
          -0.11689093708992004,
          0.8902261853218079,
          0.2165585607290268,
          -0.164505735039711,
          1.2736351490020752,
          -0.1545865684747696,
          0.5681517124176025,
          -0.0398060604929924,
          -0.13155511021614075,
          -0.15236666798591614,
          -0.030624020844697952,
          -0.13322687149047852,
          -0.06933451443910599,
          0.19078277051448822,
          0.25628602504730225,
          -0.1626402735710144,
          1.650482416152954,
          0.7910769581794739,
          1.2244775295257568,
          0.6704655885696411,
          -0.14693130552768707,
          -0.15854676067829132,
          -0.10060498863458633,
          0.051651790738105774,
          -0.053382113575935364,
          0.6338032484054565,
          0.0012487631756812334,
          1.0634937286376953,
          -0.09013887494802475,
          1.4587864875793457,
          0.2489762306213379,
          -0.16339729726314545,
          -0.08151174336671829,
          0.024012835696339607,
          0.7798668742179871,
          0.11451604217290878,
          -0.13081729412078857,
          1.7783275842666626,
          -0.1603204309940338,
          -0.11329996585845947,
          1.90940260887146,
          2.0971031188964844,
          0.49055102467536926,
          -0.0757312923669815,
          -0.16609801352024078,
          0.4321119487285614,
          -0.16606253385543823,
          -0.16919060051441193,
          -0.14574167132377625,
          -0.08081358671188354,
          0.819851815700531,
          -0.019644111394882202,
          -0.12543973326683044,
          -0.040893230587244034,
          0.07262176275253296,
          1.1074483394622803,
          -0.15850746631622314,
          2.082624673843384,
          -0.060037415474653244,
          0.0014077755622565746,
          2.8437676429748535,
          0.21141782402992249,
          -0.02916575036942959,
          0.31872522830963135,
          0.6443695425987244,
          0.03674881160259247,
          1.4070762395858765,
          -0.06220794469118118,
          -0.14303237199783325,
          -0.010267732664942741,
          0.06837889552116394,
          0.26019376516342163,
          -0.1630093902349472,
          -0.13558121025562286,
          0.5882293581962585,
          -0.1315564513206482,
          0.3549017608165741,
          0.08034255355596542,
          0.5749973654747009,
          0.9669290781021118,
          0.12217526137828827,
          0.19211076200008392,
          -0.15520136058330536,
          0.41760995984077454,
          -0.1131460964679718,
          2.4500391483306885,
          -0.16884370148181915,
          0.2910824120044708,
          -0.1387287825345993,
          0.7200772166252136,
          1.4590208530426025,
          -0.13166669011116028,
          -0.05733216926455498,
          -0.037375304847955704,
          -0.12115493416786194,
          -0.12352291494607925,
          0.35590723156929016,
          -0.11834403872489929,
          -0.11506763100624084,
          0.03308173269033432,
          -0.0975489690899849,
          -0.07752435654401779,
          -0.15989427268505096,
          2.057878255844116,
          -0.16551391780376434,
          0.07407015562057495,
          -0.16333547234535217,
          0.37688857316970825,
          -0.14599838852882385,
          -0.1685900092124939,
          0.24952763319015503
        ],