{
  "embedder": {
    "name": "ml2",
    "kwargs": {
      "highpass_hz": 10.0,
      "stft_nperseg": 64,
      "stft_noverlap": 32,
      "baseline_stats": {
        "default": {
          "x_mean": [
            0.008782106325604557,
            0.03425446211619797
          ],
          "x_variance": [
            16.44353379788464,
            1.1727033031616994
          ],
          "x_rms": [
            4.052690068317808,
            0.1431353183911298
          ],
          "x_p2p": [
            24.665411881938244,
            2.449104299448203
          ],
          "x_crest": [
            3.2802768675731646,
            0.3624233802405444
          ],
          "x_skew": [
            -0.15132082193623075,
            0.05819850817593794
          ],
          "x_kurtosis": [
            -0.32096749802094215,
            0.15786453534414535
          ],
          "x_hjorth_mobility": [
            947.1086224212042,
            20.145414320620745
          ],
          "x_hjorth_complexity": [
            1.4153991021181163,
            0.027908993020948854
          ],
          "x_peak_abs": [
            13.288902729172898,
            1.486653861047739
          ],
          "y_mean": [
            0.005110556158777559,
            0.04496929459628366
          ],
          "y_variance": [
            17.37514142369314,
            2.169501082909367
          ],
          "y_rms": [
            4.160375124603988,
            0.26166588410301456
          ],
          "y_p2p": [
            27.709313434044176,
            2.5183511019982525
          ],
          "y_crest": [
            3.496177930371934,
            0.2837097139524609
          ],
          "y_skew": [
            0.11104887993848735,
            0.07232901325052611
          ],
          "y_kurtosis": [
            0.1816032890726716,
            0.182381849901238
          ],
          "y_hjorth_mobility": [
            1144.8141136401869,
            13.755979193418325
          ],
          "y_hjorth_complexity": [
            1.1832143892201152,
            0.015541438483438565
          ],
          "y_peak_abs": [
            14.535673677597595,
            1.3953862800297774
          ],
          "z_mean": [
            -2.4461783638196605e-17,
            1e-06
          ],
          "z_variance": [
            9.43003363499954e-29,
            1e-06
          ],
          "z_rms": [
            9.710866837149718e-15,
            1e-06
          ],
          "z_p2p": [
            5.594953497038597e-14,
            1e-06
          ],
          "z_crest": [
            0.027711838559002413,
            1.0000000000034694e-06
          ],
          "z_skew": [
            0.007606793307711969,
            1e-06
          ],
          "z_kurtosis": [
            1.6349478582057042,
            1e-06
          ],
          "z_hjorth_mobility": [
            4.0097390085795255e-06,
            1e-06
          ],
          "z_hjorth_complexity": [
            1147.6122035831268,
            1e-06
          ],
          "z_peak_abs": [
            2.7980944533061477e-14,
            1e-06
          ],
          "mag_mean": [
            5.156240966959455,
            0.24503678489518535
          ],
          "mag_variance": [
            7.175110466709211,
            0.7339856732268772
          ],
          "mag_rms": [
            5.809156900432156,
            0.2750828389149742
          ],
          "mag_p2p": [
            15.683016299771518,
            1.210583693166398
          ],
          "mag_crest": [
            2.7392847802308085,
            0.2187415258884779
          ],
          "mag_skew": [
            0.6165242790235902,
            0.09254088653262725
          ],
          "mag_kurtosis": [
            0.24299647279173053,
            0.26934150691968534
          ],
          "mag_hjorth_mobility": [
            1106.5308154867278,
            17.50039682997577
          ],
          "mag_hjorth_complexity": [
            1.2373541027244137,
            0.016552885609374957
          ],
          "mag_peak_abs": [
            15.893627803607476,
            1.234606170482094
          ],
          "axis_energy_frac_x": [
            0.48759506220126925,
            0.02005115289039735
          ],
          "axis_energy_frac_y": [
            0.5124049377987009,
            0.020051152890399437
          ],
          "axis_energy_frac_z": [
            2.8131632801969808e-30,
            1e-06
          ],
          "axis_energy_balance": [
            0.5209372535355584,
            0.010841780742432482
          ],
          "mag_grms": [
            5.809156900432156,
            0.2750828389149742
          ],
          "f1_hz": [
            75.57164634146342,
            30.52172850735879
          ],
          "E_total": [
            7.028302144526197,
            0.7614958030662027
          ],
          "E_f1": [
            0.6858526316757872,
            0.2627415784845297
          ],
          "E_f2": [
            0.6548604306547668,
            0.32208482652000864
          ],
          "ratio_2x_over_1x": [
            0.9660252291875836,
            0.43496715239414885
          ],
          "bpf_hz": [
            377.8582317073171,
            152.60863853679396
          ],
          "E_bpf": [
            0.3337257015771913,
            0.45998008419749103
          ],
          "broadband_over_tones": [
            3.7142990801913514,
            2.2926772354797746
          ],
          "spec_centroid": [
            249.58777763854044,
            8.118800529857786
          ],
          "spec_spread": [
            142.11216574153266,
            3.7360509942251987
          ],
          "spec_entropy": [
            0.8907800559794264,
            0.01349510009101136
          ],
          "spec_kurtosis": [
            58.975676722839665,
            22.901632548311945
          ],
          "band_low_frac": [
            0.13809285044460445,
            0.06268100110042467
          ],
          "band_mid_frac": [
            0.44510059031945515,
            0.17709585003764194
          ],
          "band_high_frac": [
            0.41680655923579585,
            0.23534220095397243
          ],
          "high_over_low": [
            7.788523405706262,
            16.150799530197187
          ],
          "mid_over_low": [
            3.5141147897147786,
            1.2295846603011371
          ],
          "env_peak_bpf": [
            0.26062137135346286,
            0.3455825776447126
          ],
          "env_peak_2bpf": [
            0.10112365822646138,
            0.21298863861151823
          ],
          "env_max_peak_freq": [
            108.8795731707317,
            28.943953061628793
          ],
          "tf_low_cv": [
            0.472267241006856,
            0.06842705168113654
          ],
          "tf_low_slope": [
            -0.1284699022159027,
            0.6948434322229546
          ],
          "tf_mid_cv": [
            0.42929688514242526,
            0.05410332920346336
          ],
          "tf_mid_slope": [
            0.036730686508638734,
            0.7151787519413609
          ],
          "tf_high_cv": [
            0.34940618536629475,
            0.04493921880031436
          ],
          "tf_high_slope": [
            0.03252965398616486,
            0.9554073137460435
          ],
          "tf_high_over_low_mean": [
            1.9452574213121117,
            0.2747314741308203
          ]
        }
      }
    }
  },
  "preprocessor": {
    "name": "dummy",
    "kwargs": {}
  }
}