{
  "onnx_path": "/home/btanady/fourth_year/cpen491/experiment/weights/end_to_end_cnn1d.onnx",
  "input_shape": [
    1,
    3,
    1000
  ],
  "embedder": {
    "name": "raw1dcnn",
    "kwargs": {
      "target_len": 1000,
      "mean": [
        0.3677462339401245,
        -0.05774136632680893,
        0.0
      ],
      "std": [
        3.4849166870117188,
        4.156017303466797,
        9.999999974752427e-07
      ]
    }
  },
  "preprocessor": {
    "name": "calibration_z",
    "kwargs": {
      "axis_mean": [
        45.737266540527344,
        -404.4938659667969,
        511.0
      ],
      "axis_std": [
        4.053122520446777,
        4.153412818908691,
        9.99999993922529e-09
      ]
    }
  },
  "labels": {
    "0": 0,
    "1": 1,
    "2": 2
  }
}