{
  "onnx_path": "weights/model_best_cnn1d.onnx",
  "input_shape": [
    1,
    3,
    1000
  ],
  "embedder": {
    "name": "raw1dcnn",
    "kwargs": {
      "target_len": 1000,
      "mean": [
        0.07204291969537735,
        -0.6190042495727539,
        0.7815682888031006
      ],
      "std": [
        0.02073254995048046,
        0.025307457894086838,
        0.0007455876911990345
      ]
    }
  },
  "labels": {
    "0": 0,
    "1": 1,
    "2": 2
  }
}